date,open,high,close,low,volume,price_change,p_change,ma5,ma10,ma20,v_ma5,v_ma10,v_ma20,turnover
2017-12-15,4.18,4.2,4.09,4.05,909294.5,-0.12,-2.85,4.226,4.34,4.386,749766.91,960175.79,1061860.7,1.52
2017-12-14,4.22,4.27,4.21,4.17,518586.88,-0.02,-0.47,4.282,4.399,4.39,820959.76,982544.62,1057914.56,0.87
2017-12-13,4.18,4.26,4.23,4.16,575018.12,-0.01,-0.24,4.298,4.452,4.4,885820.39,1086749.07,1066609.75,0.96
2017-12-12,4.32,4.41,4.25,4.23,778542.25,-0.09,-2.07,4.34,4.501,4.411,1019113.74,1236076.73,1089415.55,1.3
2017-12-11,4.37,4.38,4.35,4.24,967392.81,-0.01,-0.23,4.392,4.535,4.42,1125486.89,1331450.76,1120909.62,1.62
2017-12-08,4.25,4.41,4.37,4.16,1265258.75,0.08,1.86,4.454,4.533,4.42,1170584.68,1343941.11,1152255.05,2.12
2017-12-07,4.4,4.42,4.29,4.26,842890.0,-0.14,-3.16,4.516,4.528,4.41,1144129.48,1298216.69,1118607.55,1.41
2017-12-06,4.43,4.44,4.44,4.27,1241484.88,-0.06,-1.33,4.606,4.526,4.408,1287677.75,1324381.94,1110085.94,2.08
2017-12-05,4.68,4.7,4.51,4.4,1310408.0,-0.15,-3.22,4.662,4.511,4.396,1453039.73,1272030.07,1079603.36,2.2
2017-12-04,4.75,4.85,4.66,4.61,1192881.75,-0.02,-0.43,4.678,4.478,4.381,1537414.63,1213020.49,1075465.64,2.0
2017-12-01,4.75,4.76,4.68,4.6,1132982.75,-0.05,-1.06,4.612,4.431,4.354,1517297.55,1163545.6,1058904.88,1.9
2017-11-30,4.76,4.82,4.74,4.67,1560631.38,0.01,0.21,4.54,4.381,4.321,1452303.9,1133284.5,1039508.46,2.62
2017-11-29,4.58,4.8,4.72,4.55,2068294.75,0.13,2.83,4.446,4.348,4.291,1361086.13,1046470.43,990587.06,3.47
2017-11-28,4.33,4.62,4.59,4.3,1732282.5,0.27,6.25,4.36,4.321,4.263,1091020.41,942754.37,919741.64,2.9
2017-11-27,4.38,4.46,4.33,4.3,1092296.38,0.01,0.23,4.278,4.304,4.242,888626.36,910368.48,854691.35,1.83
2017-11-24,4.25,4.33,4.32,4.15,808014.5,0.06,1.41,4.25,4.307,4.233,809793.65,960568.99,841233.51,1.35
2017-11-23,4.29,4.42,4.27,4.26,1104542.5,-0.01,-0.23,4.222,4.292,4.231,814265.1,938998.41,854493.16,1.85
2017-11-22,4.21,4.29,4.29,4.18,717966.19,0.12,2.88,4.25,4.289,4.235,731854.74,895789.93,851422.56,1.2
2017-11-21,4.17,4.24,4.18,4.14,720312.25,0.0,0.0,4.282,4.281,4.236,794488.32,887176.64,841104.57,1.21
2017-11-20,4.16,4.19,4.19,4.01,698132.81,0.0,0.0,4.33,4.284,4.242,932110.6,937910.78,834958.86,1.17
2017-11-17,4.37,4.41,4.18,4.12,830371.75,-0.23,-5.21,4.364,4.276,4.246,1111344.34,954264.17,828893.69,1.39
2017-11-16,4.41,4.5,4.41,4.33,692490.69,-0.03,-0.68,4.362,4.26,4.253,1063731.72,945732.41,820130.41,1.16
2017-11-15,4.34,4.49,4.45,4.28,1031134.12,0.04,0.91,4.328,4.234,4.243,1059725.12,934703.68,823001.12,1.73
2017-11-14,4.35,4.54,4.42,4.35,1408423.62,0.07,1.61,4.28,4.204,4.24,979864.96,896728.91,804241.26,2.36
2017-11-13,4.18,4.38,4.36,4.17,1594301.5,0.19,4.56,4.238,4.18,4.245,943710.96,799014.21,764490.49,2.67
2017-11-10,4.21,4.22,4.17,4.15,592308.69,-0.07,-1.65,4.188,4.159,4.257,797184.0,721898.03,742401.6,0.99
2017-11-09,4.25,4.3,4.24,4.19,672457.69,0.03,0.71,4.158,4.169,4.276,827733.1,769987.91,752201.17,1.13
2017-11-08,4.2,4.25,4.21,4.16,631833.31,0.0,0.0,4.14,4.181,4.289,809682.24,807055.18,761941.32,1.06
2017-11-07,4.09,4.29,4.21,4.07,1227653.62,0.1,2.43,4.128,4.19,4.298,813592.85,795032.5,760310.95,2.06
2017-11-06,4.04,4.15,4.11,3.94,861666.69,0.09,2.24,4.122,4.199,4.31,654317.47,732006.94,763333.75,1.44
2017-11-03,4.14,4.14,4.02,4.0,745054.19,-0.13,-3.13,4.13,4.215,4.335,646612.07,703523.21,760037.95,1.25
2017-11-02,4.17,4.19,4.15,4.1,582203.38,0.0,0.0,4.18,4.246,4.364,712242.73,694528.4,755939.95,0.98
2017-11-01,4.18,4.24,4.15,4.13,651386.38,-0.03,-0.72,4.222,4.252,4.385,804428.13,711298.55,766109.54,1.09
2017-10-31,4.15,4.18,4.18,4.13,431276.69,0.03,0.72,4.252,4.276,4.412,776472.15,711753.6,820909.42,0.72
2017-10-30,4.27,4.28,4.15,4.11,823139.69,-0.12,-2.81,4.276,4.309,4.427,809696.42,729966.76,834690.46,1.38
2017-10-27,4.3,4.3,4.27,4.24,1073207.5,-0.09,-2.06,4.3,4.355,4.44,760434.34,762905.17,829539.26,1.8
2017-10-26,4.27,4.38,4.36,4.24,1043130.38,0.06,1.4,4.312,4.382,4.45,676814.07,734414.42,842559.19,1.75
2017-10-25,4.31,4.33,4.3,4.26,511606.47,0.0,0.0,4.282,4.396,4.459,618168.98,716827.46,841358.85,0.86
2017-10-24,4.27,4.33,4.3,4.25,597398.06,0.03,0.7,4.3,4.406,4.477,647035.06,725589.4,879452.34,1.0
2017-10-23,4.3,4.31,4.27,4.22,576829.31,-0.06,-1.39,4.342,4.42,4.49,650237.1,794660.56,901814.03,0.97
2017-10-20,4.21,4.35,4.33,4.19,655106.12,0.12,2.85,4.41,4.454,4.506,765375.99,816552.7,1002339.91,1.1
2017-10-19,4.31,4.33,4.21,4.21,749904.94,-0.18,-4.1,4.452,4.481,4.527,792014.76,817351.5,1073241.48,1.26
2017-10-18,4.49,4.51,4.39,4.36,655936.88,-0.12,-2.66,4.51,4.518,4.572,815485.94,820920.53,1108048.24,1.1
2017-10-17,4.55,4.56,4.51,4.47,613408.25,-0.1,-2.17,4.512,4.547,4.617,804143.74,930065.24,1153583.66,1.03
2017-10-16,4.55,4.65,4.61,4.54,1152523.75,0.07,1.54,4.498,4.544,4.649,939084.01,939414.16,1199084.02,1.93
2017-10-13,4.48,4.56,4.54,4.44,788300.0,0.04,0.89,4.498,4.525,4.673,867729.41,896173.35,1205012.9,1.32
2017-10-12,4.4,4.51,4.5,4.37,867260.81,0.1,2.27,4.51,4.518,4.701,842688.24,950703.96,1212754.7,1.45
2017-10-11,4.43,4.47,4.4,4.36,599225.88,-0.04,-0.9,4.526,4.522,4.733,826355.12,965890.24,1233917.93,1.0
2017-10-10,4.59,4.59,4.44,4.38,1288109.62,-0.17,-3.69,4.582,4.547,4.778,1055986.75,1033315.29,1263099.62,2.16
2017-10-09,4.68,4.74,4.61,4.58,795750.75,0.01,0.22,4.59,4.559,4.816,939744.31,1008967.5,1248807.63,1.33
2017-09-29,4.56,4.65,4.6,4.54,663094.12,0.02,0.44,4.552,4.557,4.851,924617.29,1188127.12,1308408.91,1.11
2017-09-28,4.64,4.67,4.58,4.56,785595.25,-0.1,-2.14,4.526,4.573,4.893,1058719.69,1329131.46,1404398.75,1.32
2017-09-27,4.53,4.72,4.68,4.51,1747384.0,0.2,4.46,4.518,4.626,4.929,1105425.35,1395175.95,1465213.77,2.93
2017-09-26,4.43,4.53,4.48,4.41,706897.44,0.06,1.36,4.512,4.686,4.955,1010643.82,1377102.07,1476813.09,1.18
2017-09-25,4.45,4.52,4.42,4.4,720115.62,-0.05,-1.12,4.528,4.753,4.975,1078190.69,1458753.87,1513593.34,1.21
2017-09-22,4.46,4.54,4.47,4.36,1333606.12,-0.07,-1.54,4.562,4.821,4.992,1451636.96,1513852.46,1537596.97,2.23
2017-09-21,4.62,4.68,4.54,4.53,1019123.56,-0.11,-2.37,4.62,4.883,5.002,1599543.24,1474805.44,1528726.39,1.71
2017-09-20,4.58,4.66,4.65,4.51,1273476.38,0.09,1.97,4.734,4.944,5.003,1684926.55,1501945.63,1533536.58,2.13
2017-09-19,4.59,4.62,4.56,4.52,1044631.75,-0.03,-0.65,4.86,5.009,5.008,1743560.32,1492883.96,1517564.27,1.75
2017-09-18,4.72,4.78,4.59,4.48,2587347.0,-0.17,-3.57,4.978,5.073,5.027,1839317.05,1488647.77,1508888.18,4.34
2017-09-15,5.05,5.05,4.76,4.7,2073137.5,-0.35,-6.85,5.08,5.144,5.044,1576067.95,1428690.69,1442003.22,3.47
2017-09-14,5.22,5.34,5.11,5.05,1446040.12,-0.17,-3.22,5.146,5.212,5.042,1350067.65,1479666.04,1377244.88,2.42
2017-09-13,5.1,5.33,5.28,5.08,1566645.25,0.13,2.52,5.154,5.231,5.025,1318964.7,1535251.58,1357565.49,2.63
2017-09-12,5.15,5.24,5.15,5.06,1523415.38,0.05,0.98,5.158,5.224,4.997,1242207.6,1576524.11,1324735.77,2.55
2017-09-11,5.02,5.1,5.1,4.9,1271101.5,0.01,0.2,5.168,5.196,4.975,1137978.49,1568432.81,1302781.75,2.13
2017-09-08,5.13,5.18,5.09,5.02,943136.0,-0.06,-1.17,5.208,5.163,4.959,1281313.44,1561341.48,1310152.57,1.58
2017-09-07,5.25,5.27,5.15,5.07,1290525.38,-0.15,-2.83,5.278,5.121,4.941,1609264.44,1582647.33,1365454.54,2.16
2017-09-06,5.2,5.38,5.3,5.12,1182859.75,0.1,1.92,5.308,5.061,4.943,1751538.46,1565127.54,1379130.8,1.98
2017-09-05,5.26,5.3,5.2,5.11,1002269.81,-0.1,-1.89,5.29,5.007,4.951,1910840.61,1542244.57,1420389.66,1.68
2017-09-04,5.61,5.65,5.3,5.22,1987776.25,-0.14,-2.57,5.224,4.981,4.959,1998887.13,1529128.59,1464983.93,3.33
2017-09-01,5.3,5.7,5.44,5.27,2582891.0,0.14,2.64,5.118,4.944,4.973,1841369.53,1455315.74,1487568.2,4.33
2017-08-31,5.19,5.33,5.3,5.04,2001895.5,0.09,1.73,4.964,4.872,4.962,1556030.23,1274823.71,1509151.24,3.35
2017-08-30,4.88,5.35,5.21,4.88,1979370.5,0.34,6.98,4.814,4.819,4.959,1378716.63,1179879.4,1551665.58,3.32
2017-08-29,4.76,5.02,4.87,4.72,1442502.38,0.1,2.1,4.724,4.769,4.936,1173648.53,1072947.43,1563447.6,2.42
2017-08-28,4.61,4.82,4.77,4.59,1200188.25,0.1,2.14,4.738,4.754,4.92,1059370.06,1037130.7,1552187.89,2.01
2017-08-25,4.65,4.77,4.67,4.58,1156194.5,0.12,2.64,4.77,4.754,4.91,1069261.96,1058963.65,1572028.56,1.94
2017-08-24,4.77,4.79,4.55,4.51,1115327.5,-0.21,-4.41,4.78,4.76,4.895,993617.2,1148261.74,1551020.49,1.87
2017-08-23,4.78,4.86,4.76,4.65,954030.0,-0.18,-3.64,4.824,4.824,4.883,981042.18,1193134.06,1554904.34,1.6
2017-08-22,4.93,5.01,4.94,4.83,871110.06,0.01,0.2,4.814,4.895,4.872,972246.33,1298534.75,1548411.98,1.46
2017-08-21,4.73,4.94,4.93,4.71,1249647.75,0.21,4.45,4.77,4.937,4.85,1014891.34,1400839.26,1555265.09,2.09
2017-08-18,4.68,4.74,4.72,4.6,777970.69,-0.05,-1.05,4.738,5.001,4.826,1048665.34,1519820.66,1556153.01,1.3
2017-08-17,4.81,4.87,4.77,4.73,1052452.38,0.06,1.27,4.74,5.052,4.817,1302906.28,1743478.76,1570419.85,1.76
2017-08-16,4.71,4.8,4.71,4.63,910050.75,-0.01,-0.21,4.824,5.098,4.803,1405225.95,1923451.75,1577626.42,1.52
2017-08-15,4.75,4.79,4.72,4.58,1084335.12,-0.05,-1.05,4.976,5.102,4.798,1624823.18,2053947.78,1643230.26,1.82
2017-08-14,4.74,4.9,4.77,4.66,1418517.75,0.04,0.85,5.104,5.086,4.779,1786787.18,2067245.08,1678211.92,2.38
2017-08-11,5.0,5.06,4.73,4.67,2049175.38,-0.46,-8.86,5.264,5.066,4.741,1990975.98,2085093.46,1660024.34,3.43
2017-08-10,5.3,5.4,5.19,5.16,1564050.75,-0.28,-5.12,5.364,5.03,4.713,2184051.25,1953779.24,1597639.1,2.62
2017-08-09,5.33,5.59,5.47,5.09,2008036.88,0.11,2.05,5.372,4.942,4.663,2441677.55,1916674.62,1568408.68,3.36
2017-08-08,5.5,5.62,5.36,5.29,1894155.12,-0.21,-3.77,5.228,4.849,4.599,2483072.37,1798289.21,1533701.57,3.17
2017-08-07,5.49,5.59,5.57,5.21,2439461.75,0.34,6.5,5.068,4.763,4.541,2347702.97,1709690.92,1506168.68,4.09
2017-08-04,5.34,5.64,5.23,5.16,3014551.75,0.0,0.0,4.868,4.651,4.479,2179210.95,1592485.36,1468299.55,5.05
2017-08-03,4.7,5.23,5.23,4.69,2852182.25,0.48,10.11,4.696,4.581,4.423,1723507.24,1397360.94,1372438.78,4.78
2017-08-02,4.54,5.0,4.75,4.53,2215011.0,0.19,4.17,4.512,4.507,4.366,1391671.69,1231801.09,1310332.18,3.71
2017-08-01,4.57,4.62,4.56,4.46,1217308.12,-0.01,-0.22,4.47,4.493,4.324,1113506.05,1232512.74,1263788.11,2.04
2017-07-31,4.46,4.6,4.57,4.46,1597001.62,0.2,4.58,4.458,4.471,4.289,1071678.87,1289178.77,1275478.84,2.68
2017-07-28,4.32,4.41,4.37,4.25,736033.19,0.06,1.39,4.434,4.416,4.255,1005759.77,1234955.21,1280734.39,1.23
2017-07-27,4.54,4.59,4.31,4.28,1193004.5,-0.23,-5.07,4.466,4.396,4.213,1071214.64,1241498.95,1266386.53,2.0
2017-07-26,4.48,4.64,4.54,4.45,824182.81,0.04,0.89,4.502,4.384,4.177,1071930.49,1220142.75,1229119.81,1.38
2017-07-25,4.41,4.53,4.5,4.34,1008172.25,0.05,1.12,4.516,4.349,4.129,1351519.42,1269113.93,1233852.71,1.69
2017-07-24,4.48,4.65,4.45,4.38,1267406.12,-0.08,-1.77,4.484,4.319,4.08,1506678.67,1302646.44,1218696.1,2.12
2017-07-21,4.43,4.54,4.53,4.4,1063307.5,0.04,0.89,4.398,4.306,4.031,1464150.65,1344113.74,1185464.61,1.78
2017-07-20,4.59,4.64,4.49,4.43,1196583.75,-0.12,-2.6,4.326,4.264,3.974,1411783.26,1347516.62,1151430.1,2.01
2017-07-19,4.3,4.65,4.61,4.3,2222127.5,0.27,6.22,4.266,4.225,3.919,1368355.01,1388863.27,1109712.38,3.72
2017-07-18,4.1,4.4,4.34,4.04,1783968.5,0.32,7.96,4.182,4.155,3.86,1186708.44,1295063.48,1015697.64,2.99
2017-07-17,4.17,4.19,4.02,3.96,1054766.0,-0.15,-3.6,4.154,4.106,3.813,1098614.21,1261778.91,949499.75,1.77
2017-07-14,4.21,4.24,4.17,4.11,801470.56,-0.02,-0.48,4.214,4.093,3.783,1224076.84,1326513.57,924640.35,1.34
2017-07-13,4.18,4.26,4.19,4.13,979442.5,0.0,0.0,4.202,4.03,3.741,1283249.97,1291274.12,898226.02,1.64
2017-07-12,4.21,4.29,4.19,4.03,1313894.62,-0.01,-0.24,4.184,3.969,3.697,1409371.52,1238096.87,861971.83,2.2
2017-07-11,4.28,4.32,4.2,4.15,1343497.38,-0.12,-2.78,4.128,3.909,3.653,1403418.52,1198591.5,808034.73,2.25
2017-07-10,4.07,4.48,4.32,4.05,1682079.12,0.21,5.11,4.058,3.841,3.609,1424943.6,1134745.75,760353.54,2.82
2017-07-07,4.04,4.12,4.11,3.99,1097336.25,0.01,0.24,3.972,3.756,3.555,1428950.3,1026815.49,687355.07,1.84
2017-07-06,3.95,4.14,4.1,3.87,1610050.25,0.19,4.86,3.858,3.683,3.514,1299298.26,955343.58,645549.8,2.7
2017-07-05,3.88,4.01,3.91,3.84,1284129.62,0.06,1.56,3.754,3.612,3.475,1066822.22,830561.48,577955.6,2.15
2017-07-04,3.9,3.99,3.85,3.83,1451122.75,-0.04,-1.03,3.69,3.564,3.445,993764.47,736331.79,531199.25,2.43
2017-07-03,3.54,3.89,3.89,3.53,1702112.62,0.35,9.89,3.624,3.52,3.414,844547.9,637220.59,469210.46,2.85
2017-06-30,3.58,3.59,3.54,3.51,449076.06,-0.04,-1.12,3.54,3.472,3.381,624680.68,522767.13,398311.89,0.75
2017-06-29,3.59,3.62,3.58,3.56,447670.06,-0.01,-0.28,3.508,3.451,3.367,611388.9,505177.93,388422.6,0.75
2017-06-28,3.52,3.6,3.59,3.51,918840.88,0.07,1.99,3.47,3.425,3.346,594300.75,485846.79,378317.11,1.54
2017-06-27,3.47,3.59,3.52,3.46,705039.88,0.05,1.44,3.438,3.396,3.329,478899.11,417477.97,348905.65,1.18
2017-06-26,3.37,3.47,3.47,3.36,602776.5,0.09,2.66,3.416,3.377,3.318,429893.28,385961.34,331323.56,1.01
2017-06-23,3.38,3.4,3.38,3.31,382617.16,-0.01,-0.29,3.404,3.354,3.309,420853.58,347894.66,321396.44,0.64
2017-06-22,3.43,3.48,3.39,3.39,362229.31,-0.04,-1.17,3.394,3.345,3.301,398966.96,335756.03,315545.35,0.61
2017-06-21,3.41,3.48,3.43,3.37,341832.72,0.02,0.59,3.38,3.337,3.291,377392.82,325349.71,320614.14,0.57
2017-06-20,3.41,3.45,3.41,3.38,460010.69,0.0,0.0,3.354,3.325,3.282,356056.82,326066.71,334374.76,0.77
2017-06-19,3.33,3.42,3.41,3.32,557578.0,0.08,2.4,3.338,3.308,3.271,342029.39,301200.33,329706.45,0.93
2017-06-16,3.33,3.38,3.33,3.31,273184.09,0.01,0.3,3.304,3.289,3.257,274935.75,273856.64,318514.98,0.46
2017-06-15,3.3,3.34,3.32,3.3,254358.62,0.02,0.61,3.296,3.282,3.245,272545.1,271667.28,321544.65,0.43
2017-06-14,3.32,3.37,3.3,3.3,235152.7,-0.03,-0.9,3.294,3.267,3.233,273306.59,270787.43,323408.58,0.39
2017-06-13,3.23,3.34,3.33,3.22,389873.56,0.09,2.78,3.296,3.261,3.219,296076.59,280333.33,321494.76,0.65
2017-06-12,3.28,3.29,3.24,3.23,222109.77,-0.05,-1.52,3.278,3.259,3.204,260371.26,276685.79,313072.23,0.37
2017-06-09,3.31,3.32,3.29,3.27,261230.86,-0.02,-0.6,3.274,3.264,3.193,272777.54,294898.23,320311.16,0.44
2017-06-08,3.31,3.33,3.31,3.29,258166.06,0.0,0.0,3.268,3.257,3.182,270789.45,295334.66,318780.05,0.43
2017-06-07,3.23,3.31,3.31,3.23,349002.72,0.07,2.16,3.24,3.245,3.172,268268.27,315878.57,316750.24,0.58
2017-06-06,3.22,3.25,3.24,3.19,211346.88,0.02,0.62,3.226,3.239,3.162,264590.07,342682.81,317092.12,0.35
2017-06-05,3.27,3.29,3.22,3.2,284141.19,-0.04,-1.23,3.24,3.234,3.155,293000.33,358212.56,325142.09,0.48
2017-06-02,3.17,3.27,3.26,3.17,251290.41,0.09,2.84,3.254,3.225,3.152,317018.91,363173.31,328424.59,0.42
2017-06-01,3.25,3.25,3.17,3.17,245560.14,-0.07,-2.16,3.246,3.208,3.151,319879.87,371422.03,334031.43,0.41
2017-05-31,3.38,3.4,3.24,3.23,330611.75,-0.07,-2.12,3.25,3.198,3.153,363488.87,376029.74,343929.25,0.55
2017-05-26,3.28,3.34,3.31,3.27,353398.16,0.02,0.61,3.252,3.177,3.152,420775.54,362656.18,354679.94,0.59
2017-05-25,3.22,3.3,3.29,3.2,404234.09,0.07,2.17,3.228,3.149,3.143,423424.8,349458.67,354308.37,0.68
2017-05-24,3.17,3.22,3.22,3.15,265595.22,0.03,0.94,3.196,3.122,3.137,409327.71,345724.09,349662.44,0.45
2017-05-23,3.25,3.29,3.19,3.19,463605.12,-0.06,-1.85,3.17,3.106,3.132,422964.19,342225.44,349972.13,0.78
2017-05-22,3.25,3.31,3.25,3.22,617045.12,0.06,1.88,3.146,3.099,3.129,388570.61,317621.9,352008.87,1.03
2017-05-19,3.13,3.2,3.19,3.13,366644.44,0.06,1.92,3.102,3.085,3.13,304536.81,291501.43,333519.87,0.61
2017-05-18,3.08,3.17,3.13,3.07,333748.66,0.04,1.29,3.07,3.075,3.133,275492.54,292071.61,329257.73,0.56
2017-05-17,3.06,3.13,3.09,3.06,333777.62,0.02,0.65,3.048,3.079,3.139,282120.47,293675.88,336929.38,0.56
2017-05-16,3.02,3.07,3.07,2.98,291637.22,0.04,1.32,3.042,3.093,3.149,261486.69,296640.84,340617.4,0.49
2017-05-15,3.03,3.04,3.03,3.01,196876.11,0.0,0.0,3.052,3.107,3.16,246673.2,311828.75,343285.62,0.33
2017-05-12,3.0,3.04,3.03,2.97,221423.11,0.01,0.33,3.068,3.126,3.175,278466.05,346703.71,351532.75,0.37
2017-05-11,3.05,3.05,3.02,2.94,366888.28,-0.04,-1.31,3.08,3.137,3.192,308650.68,359158.07,359101.62,0.61
2017-05-10,3.12,3.14,3.06,3.05,230608.72,-0.06,-1.92,3.11,3.151,3.209,305231.29,353600.79,380581.69,0.39
2017-05-09,3.11,3.13,3.12,3.08,217569.77,0.01,0.32,3.144,3.158,3.228,331794.99,357718.81,400866.25,0.36
2017-05-08,3.09,3.14,3.11,3.08,355840.38,0.02,0.65,3.162,3.158,3.242,376984.31,386395.84,425215.9,0.6
2017-05-05,3.15,3.16,3.09,3.09,372346.25,-0.08,-2.52,3.184,3.174,3.257,414941.37,375538.31,444502.05,0.62
2017-05-04,3.2,3.24,3.17,3.16,349791.31,-0.06,-1.86,3.194,3.19,3.276,409665.46,366443.84,484462.48,0.59
2017-05-03,3.2,3.23,3.23,3.19,363427.22,0.02,0.62,3.192,3.198,3.287,401970.3,380182.88,506415.47,0.61
2017-05-02,3.21,3.26,3.21,3.18,443516.38,-0.01,-0.31,3.172,3.205,3.289,383642.64,384593.97,511076.86,0.74
2017-04-28,3.14,3.23,3.22,3.13,545625.69,0.08,2.55,3.154,3.213,3.293,395807.37,374742.49,517822.71,0.91
2017-04-27,3.16,3.16,3.14,3.05,345966.69,-0.02,-0.63,3.164,3.224,3.299,336135.26,356361.8,518155.8,0.58
2017-04-26,3.15,3.18,3.16,3.13,311315.53,0.03,0.96,3.186,3.246,3.306,323222.23,359045.17,511732.15,0.52
2017-04-25,3.12,3.16,3.13,3.11,271788.91,0.01,0.32,3.204,3.266,3.312,358395.45,407562.59,517531.91,0.46
2017-04-24,3.26,3.27,3.12,3.1,504340.03,-0.15,-4.59,3.238,3.297,3.322,385545.3,444013.68,528860.41,0.85
2017-04-21,3.25,3.28,3.27,3.24,247265.12,0.02,0.61,3.272,3.326,3.33,353677.61,464035.97,529310.45,0.41
2017-04-20,3.25,3.28,3.25,3.22,281401.56,0.0,0.0,3.284,3.339,3.329,376588.34,513465.79,550930.32,0.47
2017-04-19,3.26,3.29,3.25,3.21,487181.62,-0.05,-1.51,3.306,3.361,3.331,394868.11,602481.12,564461.67,0.82
2017-04-18,3.3,3.34,3.3,3.28,407538.19,0.01,0.3,3.328,3.376,3.337,456729.74,632648.06,565238.3,0.68
2017-04-17,3.33,3.34,3.29,3.27,345001.56,-0.04,-1.2,3.356,3.372,3.341,502482.05,637559.76,569663.09,0.58
2017-04-14,3.36,3.38,3.33,3.32,361818.75,-0.03,-0.89,3.38,3.372,3.352,574394.33,660902.93,578344.56,0.61
2017-04-13,3.36,3.37,3.36,3.34,372800.44,0.0,0.0,3.394,3.373,3.36,650343.24,679949.81,589108.57,0.62
2017-04-12,3.42,3.43,3.36,3.34,796489.75,-0.08,-2.33,3.416,3.366,3.363,810094.13,664419.14,601219.45,1.33
2017-04-11,3.42,3.47,3.44,3.37,636299.75,0.03,0.88,3.424,3.358,3.363,808566.39,627501.23,585742.7,1.07
2017-04-10,3.4,3.48,3.41,3.38,704562.94,0.01,0.29,3.388,3.347,3.357,772637.46,613707.14,583002.58,1.18
2017-04-07,3.43,3.44,3.4,3.37,741563.31,-0.07,-2.02,3.364,3.334,3.351,747411.52,594584.92,568767.87,1.24
2017-04-06,3.4,3.53,3.47,3.36,1171554.88,0.07,2.06,3.352,3.318,3.344,709556.39,588394.86,568422.85,1.96
2017-04-05,3.32,3.4,3.4,3.29,788851.06,0.14,4.29,3.316,3.301,3.338,518744.15,526442.22,535895.38,1.32
2017-03-31,3.3,3.32,3.26,3.25,456655.12,-0.03,-0.91,3.292,3.297,3.339,446436.07,497828.53,514792.24,0.77
2017-03-30,3.33,3.37,3.29,3.27,578433.25,-0.05,-1.5,3.306,3.31,3.345,454776.82,501766.42,505403.59,0.97
2017-03-29,3.3,3.37,3.34,3.27,552287.62,0.05,1.52,3.304,3.331,3.352,441758.32,495786.19,493743.83,0.93
2017-03-28,3.27,3.29,3.29,3.25,217493.7,0.01,0.3,3.284,3.346,3.358,467233.34,498267.32,494038.06,0.36
2017-03-27,3.31,3.32,3.28,3.26,427310.66,-0.05,-1.5,3.286,3.359,3.366,534140.28,538019.76,516225.33,0.72
2017-03-24,3.28,3.34,3.33,3.24,498358.88,0.05,1.52,3.302,3.368,3.378,549221.0,543984.17,532660.93,0.84
2017-03-23,3.25,3.32,3.28,3.24,513340.75,0.04,1.24,3.314,3.367,3.388,548756.01,552298.02,535008.29,0.86
2017-03-22,3.27,3.29,3.24,3.21,679662.69,-0.06,-1.82,3.358,3.367,3.403,549814.06,542950.82,552441.23,1.14
2017-03-21,3.34,3.36,3.3,3.27,552028.44,-0.06,-1.79,3.408,3.37,3.421,529301.31,548450.84,559070.37,0.93
2017-03-20,3.38,3.42,3.36,3.31,502714.22,-0.03,-0.89,3.432,3.375,3.433,541899.23,545348.54,586879.21,0.84
2017-03-17,3.49,3.49,3.39,3.38,496033.94,-0.11,-3.14,3.434,3.381,3.439,538747.35,531755.94,609850.27,0.83
2017-03-16,3.51,3.52,3.5,3.44,518631.0,0.01,0.29,3.42,3.379,3.437,555840.02,509040.76,618691.42,0.87
2017-03-15,3.43,3.52,3.49,3.41,577098.94,0.07,2.05,3.376,3.372,3.433,536087.57,491701.48,626236.67,0.97
2017-03-14,3.39,3.49,3.42,3.36,615018.06,0.05,1.48,3.332,3.369,3.429,567600.36,489808.8,635552.12,1.03
2017-03-13,3.31,3.38,3.37,3.27,486954.81,0.05,1.51,3.318,3.373,3.432,548797.84,494430.9,653719.36,0.82
2017-03-10,3.28,3.36,3.32,3.27,581497.31,0.04,1.22,3.328,3.387,3.431,524764.53,521337.68,669161.23,0.97
2017-03-09,3.26,3.29,3.28,3.21,419868.75,0.01,0.31,3.338,3.409,3.432,462241.49,517718.56,713787.79,0.7
2017-03-08,3.34,3.36,3.27,3.24,734662.88,-0.08,-2.39,3.368,3.439,3.429,447315.38,561931.64,718747.19,1.23
2017-03-07,3.41,3.42,3.35,3.32,521005.47,-0.07,-2.05,3.406,3.472,3.422,412017.24,569689.91,695998.97,0.87
2017-03-06,3.4,3.43,3.42,3.38,366788.25,0.05,1.48,3.428,3.491,3.41,440063.96,628409.88,687260.07,0.61
2017-03-03,3.39,3.41,3.37,3.37,268882.09,-0.06,-1.75,3.446,3.497,3.395,517910.83,687944.59,686799.66,0.45
2017-03-02,3.48,3.5,3.43,3.42,345238.19,-0.03,-0.87,3.48,3.494,3.381,573195.64,728342.07,692199.44,0.58
2017-03-01,3.46,3.53,3.46,3.41,558172.19,0.0,0.0,3.51,3.493,3.368,676547.9,760771.87,691050.64,0.94
2017-02-28,3.52,3.54,3.46,3.41,661239.06,-0.05,-1.43,3.538,3.488,3.351,727362.58,781295.43,683385.03,1.11
2017-02-27,3.55,3.64,3.51,3.48,756022.62,-0.03,-0.85,3.554,3.491,3.336,816755.8,813007.81,686257.77,1.27
2017-02-24,3.55,3.57,3.54,3.48,545306.12,-0.04,-1.12,3.548,3.474,3.316,857978.35,816984.79,671892.51,0.91
2017-02-23,3.56,3.68,3.58,3.52,861999.5,-0.02,-0.56,3.508,3.455,3.295,883488.51,909857.01,669054.53,1.44
2017-02-22,3.52,3.63,3.6,3.52,812245.62,0.06,1.7,3.476,3.418,3.269,844995.85,875562.74,645648.39,1.36
2017-02-21,3.52,3.62,3.54,3.52,1108205.12,0.06,1.72,3.438,3.372,3.242,835228.28,822308.03,643138.55,1.86
2017-02-20,3.39,3.51,3.48,3.38,962135.38,0.14,4.19,3.428,3.329,3.215,809259.83,746110.27,600863.72,1.61
2017-02-17,3.39,3.43,3.34,3.32,672856.94,-0.08,-2.34,3.4,3.292,3.189,775991.23,685654.74,575807.86,1.13
2017-02-16,3.4,3.48,3.42,3.4,669536.19,0.01,0.29,3.402,3.268,3.169,936225.52,656056.8,559908.3,1.12
2017-02-15,3.45,3.49,3.41,3.39,763407.75,-0.08,-2.29,3.36,3.243,3.149,906129.63,621329.41,547954.04,1.28
2017-02-14,3.34,3.6,3.49,3.33,978362.88,0.15,4.49,3.306,3.214,3.128,809387.78,585474.64,550329.27,1.64
2017-02-13,3.37,3.39,3.34,3.31,795792.38,-0.01,-0.3,3.23,3.18,3.102,682960.71,559507.73,528656.47,1.33
2017-02-10,3.21,3.41,3.35,3.19,1474028.38,0.14,4.36,3.184,3.158,3.082,595318.24,526800.23,502962.77,2.47
2017-02-09,3.14,3.24,3.21,3.12,519056.75,0.07,2.23,3.134,3.134,3.06,375888.09,428252.05,445706.73,0.87
2017-02-08,3.11,3.14,3.14,3.07,279698.53,0.03,0.96,3.126,3.119,3.044,336529.2,415734.04,430791.37,0.47
2017-02-07,3.1,3.13,3.11,3.08,346227.53,0.0,0.0,3.122,3.112,3.032,361561.49,463969.07,427948.73,0.58
2017-02-06,3.1,3.12,3.11,3.04,357580.03,0.01,0.32,3.13,3.1,3.02,436054.74,455617.18,420383.09,0.6
2017-02-03,3.16,3.17,3.1,3.07,376877.59,-0.07,-2.21,3.132,3.085,3.006,458282.21,465960.99,409220.64,0.63
2017-01-26,3.17,3.18,3.17,3.12,322262.31,0.05,1.6,3.134,3.07,2.992,480616.01,463759.8,401337.46,0.54
2017-01-25,3.14,3.14,3.12,3.09,404860.0,-0.03,-0.95,3.112,3.054,2.976,494938.87,474578.68,393632.74,0.68
2017-01-24,3.11,3.24,3.15,3.11,718693.75,0.03,0.96,3.102,3.042,2.962,566376.65,515183.9,384988.94,1.2
2017-01-23,3.09,3.16,3.12,3.09,468717.41,0.01,0.32,3.07,3.024,2.948,475179.62,497805.22,365742.64,0.79
2017-01-20,3.05,3.12,3.11,3.05,488546.59,0.05,1.63,3.038,3.005,2.937,473639.77,479125.31,353637.15,0.82
2017-01-19,3.05,3.08,3.06,3.03,393876.62,-0.01,-0.33,3.006,2.985,2.927,446903.58,463161.4,343778.56,0.66
2017-01-18,2.99,3.08,3.07,2.98,762048.88,0.08,2.68,2.996,2.969,2.921,454218.48,445848.7,337807.9,1.28
2017-01-17,2.95,3.0,2.99,2.94,262708.59,0.03,1.01,2.982,2.952,2.913,463991.14,391928.38,317565.47,0.44
2017-01-16,2.95,3.0,2.96,2.91,461018.19,0.01,0.34,2.978,2.939,2.911,520430.82,385149.01,314903.02,0.77
2017-01-13,3.01,3.03,2.95,2.94,354865.62,-0.06,-1.99,2.972,2.926,2.91,484610.84,352480.28,306516.89,0.59
2017-01-12,2.98,3.04,3.01,2.98,430451.12,0.01,0.33,2.964,2.914,2.91,479419.22,338915.12,308370.87,0.72
2017-01-11,2.96,3.07,3.0,2.96,810912.19,0.03,1.01,2.942,2.897,2.909,437478.91,312686.81,316598.58,1.36
2017-01-10,2.93,2.99,2.97,2.92,544907.0,0.04,1.36,2.922,2.882,2.912,319865.62,254793.98,308769.57,0.91
2017-01-09,2.9,2.93,2.93,2.87,281918.28,0.02,0.69,2.9,2.871,2.914,249867.19,233680.05,335930.1,0.47
2017-01-06,2.89,2.92,2.91,2.89,328907.53,0.01,0.34,2.88,2.868,2.922,220349.72,228149.0,356845.37,0.55
2017-01-05,2.89,2.93,2.9,2.88,220749.56,0.0,0.0,2.864,2.869,2.931,198411.02,224395.72,383935.17,0.37
2017-01-04,2.86,2.9,2.9,2.85,222845.73,0.04,1.4,2.852,2.872,2.943,187894.71,229767.1,447429.88,0.37
2017-01-03,2.83,2.87,2.86,2.82,194914.84,0.03,1.06,2.842,2.873,2.947,189722.34,243202.56,453306.52,0.33
